tipo de empresas,Objetivo estatégicos de negócios,Fatos comunicáveis,ações de comunicação,Público de interesse de fatos comunicávies,Descrição
Capital Aberto,Lucro e Rentabilidade,Divulgação dos resultados trimestrais,"Gestão Estratégica de Comunicação, Prevenção de Crises, Gestão de Crise de Imagem, Treinamento de Porta-Vozes",Acionistas | Colaboradores,Maximizar os lucros e gerar retorno financeiro para garantir a sustentabilidade e o crescimento a longo prazo.
"Capital Aberto, Captal Fechado, Scale-up, Startup",Lucro e Rentabilidade,IPOs e Follow on,Gestão Estratégica de Comunicação,,Maximizar os lucros e gerar retorno financeiro para garantir a sustentabilidade e o crescimento a longo prazo.
"Capital Aberto, Captal Fechado",Lucro e Rentabilidade,Emissão de dívida,Gestão Estratégica de Comunicação,,Maximizar os lucros e gerar retorno financeiro para garantir a sustentabilidade e o crescimento a longo prazo.
Merco,Lucro e Rentabilidade,Força de marca e sustentabilidade de negócios,"Gestão Estratégica de Comunicação, Gestão de Crise de Imagem",Acionistas | Colaboradores | Sociedade,Maximizar os lucros e gerar retorno financeiro para garantir a sustentabilidade e o crescimento a longo prazo.
,Crescimento e Expansão,Investimentos e expação para novos mercados,"Gestão Estratégica de Comunicação, Análise de Tendências de Mercado",Acionistas | Colaboradores | Fornecedores (B2B) | ,Expandir a participação no mercado atual ou explorar novos mercados geográficos ou segmentos de consumidores.
,Crescimento e Expansão,Investimento de Fundos de Investiments,Gestão Estratégica de Comunicação,,Expandir a participação no mercado atual ou explorar novos mercados geográficos ou segmentos de consumidores.
,Satisfação do Cliente,ações de comunicação B2C ,Gestão Estratégica de Comunicação,Clientes | Colaboradores,"Atender às necessidades e expectativas dos clientes, promovendo lealdade e gerando novos negócios."
,Criação de Valor para o Cliente,comunicação de diferenciação de produtos,"Gestão Estratégica de Comunicação, Parcerias com Celebridades, Programas de Embaixadores da Marca",Clientes | Colaboradores,"Maximizar o valor entregue ao cliente, oferecendo mais benefícios que os concorrentes, como lançamento de novos produtos"
,Lucro e Rentabilidade,Implementação de política de dividendos,Gestão Estratégica de Comunicação,Acionistas | Colaboradores | Clientes | Fornecedores (B2B) | Sociedade,"Investir em pesquisa, desenvolvimento e inovação para criar novos produtos ou melhorar os existentes."
,Lucro e Rentabilidade,Programas de otimização de custos,"Gestão Estratégica de Comunicação, Comunicação Interna, Prevenção de Crises",Sociedade | Clientes | Acionistas ,"Adotar práticas sustentáveis, reduzir o impacto ambiental e contribuir para o bem-estar da sociedade."
,Lucro e Rentabilidade,Estratégias de precificação competitiva,"Análise de Tendências de Mercado, Gestão Estratégica de Comunicação",Colaboradores | Sociedade ,"Atrair, desenvolver e reter talentos, criando um ambiente de trabalho que promova o desenvolvimento profissional."
,Lucro e Rentabilidade,"Lançamento de novos produtos, oferta e serviços","Gestão Estratégica de Comunicação, Patrocínios de Eventos ou Equipes, Programas de Embaixadores da Marca",Mercado (concorrência) | Acionistas | Colaboradores | Sociedade,"Fortalecer a marca e a reputação da empresa, criando um posicionamento sólido no mercado."
,Lucro e Rentabilidade,Aquisição de novas empresas para expansão,"Gestão Estratégica de Comunicação, Análise de Tendências de Mercado, Comunicação Interna, Prevenção de Crises, Treinamento de Porta-Vozes",Mercado (concorrência) | Acionistas | Colaboradores,"Diversificar as fontes de receita, reduzindo a dependência de um único mercado ou setor."
,Lucro e Rentabilidade,Parcerias estratégicas para aumento de receita,"Gestão Estratégica de Comunicação, Prevenção de Crises",Acionistas | Colaboradores,"Melhorar continuamente os processos, produtos e serviços para se manter competitiva."
,Lucro e Rentabilidade,Redução de despesas administrativas,"Gestão Estratégica de Comunicação, Comunicação Interna, Prevenção de Crises",Governo | Órgãos Reguladores | Acionistas,"Cumprir todas as leis, regulamentações e políticas nos mercados onde a empresa opera."
,Lucro e Rentabilidade,Uso de tecnologia para eficiência financeira,Gestão Estratégica de Comunicação,Acionistas | Governo | Órgãos Reguladoes,"Expandir a presença em mercados internacionais, adaptando-se às diferentes culturas e regulamentos."
,Lucro e Rentabilidade,Manutenção de alta liquidez financeira,Gestão Estratégica de Comunicação,,Estabelecer alianças estratégicas para explorar novas oportunidades de negócio e compartilhar riscos.
,Crescimento e Expansão,Abertura de novas filiais em diferentes regiões,"Gestão Estratégica de Comunicação, Análise de Tendências de Mercado, Comunicação Interna, Prevenção de Crises, Treinamento de Porta-Vozes, Relações com a Comunidade",Sociedade | Órgãos Reguladores | Governo | Acionistas,"Identificar, avaliar e mitigar riscos que possam ameaçar a sustentabilidade do negócio."
,Crescimento e Expansão,Parcerias para entrada em novos mercados,"Gestão Estratégica de Comunicação, Análise de Tendências de Mercado, Comunicação Interna, Prevenção de Crises",Colaboradores,"Manter e fortalecer a cultura e os valores da empresa, garantindo a prática dos princípios fundamentais."
,Crescimento e Expansão,Investimento em infraestrutura e logística,Gestão Estratégica de Comunicação,Acionistas | Colaboradores,Reinvestir os lucros em novas tecnologias e inovações para manter a competitividade.
,Crescimento e Expansão,Aquisições para diversificação do portfólio,"Gestão Estratégica de Comunicação, Análise de Tendências de Mercado",Acionistas | Governo | Órgãos Reguladoes  |Colaboradores | Sociedade,Manter padrões éticos altos e boas práticas de governança corporativa para garantir transparência e integridade.
,Crescimento e Expansão,Expansão do portfólio de produtos,"Gestão Estratégica de Comunicação, Análise de Tendências de Mercado",,
,Crescimento e Expansão,Contratação de novos colaboradores,"Gestão Estratégica de Comunicação, Comunicação Interna",,
,Crescimento e Expansão,Ampliação da presença em eventos internacionais,Gestão Estratégica de Comunicação,,
,Crescimento e Expansão,Desenvolvimento de canais de venda online,"Gestão Estratégica de Comunicação, Programas de Embaixadores da Marca, Parcerias com Celebridades",,
,Crescimento e Expansão,Aumento do capital social para expansão,Gestão Estratégica de Comunicação,,
,Crescimento e Expansão,Expansão de capacidade produtiva,Gestão Estratégica de Comunicação,,
,Satisfação do Cliente,Programa de fidelidade para clientes,"Gestão Estratégica de Comunicação, Parcerias com Celebridades, Programas de Embaixadores da Marca",,
,Satisfação do Cliente,Implementação de canais de atendimento 24/7,"Gestão Estratégica de Comunicação, Treinamento de Porta-Vozes",,
,Satisfação do Cliente,Desenvolvimento de pesquisas de satisfação,Gestão Estratégica de Comunicação,,
,Satisfação do Cliente,Certificações de qualidade de atendimento,"Programas de Embaixadores da Marca, Relações com a Comunidade, Gestão Estratégica de Comunicação",,
,Satisfação do Cliente,Aumento da variedade de opções de produtos,"Gestão Estratégica de Comunicação, Prevenção de Crises, Treinamento de Porta-Vozes",,
,Satisfação do Cliente,Campanhas de melhoria da experiência do cliente,"Gestão Estratégica de Comunicação, Parcerias com Celebridades, Programas de Embaixadores da Marca",,
,Satisfação do Cliente,Oferta de produtos personalizados,"Gestão Estratégica de Comunicação, Análise de Tendências de Mercado",,
,Satisfação do Cliente,Redução do tempo de espera no atendimento,"Gestão Estratégica de Comunicação, Prevenção de Crises, Treinamento de Porta-Vozes",,
,Satisfação do Cliente,Treinamentos para equipe de atendimento,"Gestão Estratégica de Comunicação, Prevenção de Crises, Treinamento de Porta-Vozes, Comunicação Interna",,
,Satisfação do Cliente,Programa de recompensas por feedbacks,"Gestão Estratégica de Comunicação, Prevenção de Crises, Treinamento de Porta-Vozes",,
,Eficiência Operacional,Automatização de processos internos,Comunicação Interna,,
,Eficiência Operacional,Implantação de sistemas de gestão integrados,Comunicação Interna,,
,Eficiência Operacional,Treinamento contínuo da equipe operacional,Comunicação Interna,,
,Eficiência Operacional,Redução do desperdício em processos produtivos,Comunicação Interna,,
,Eficiência Operacional,Parcerias com fornecedores eficientes,Comunicação Interna,,
,Eficiência Operacional,Uso de inteligência artificial na cadeia de produção,Comunicação Interna,,
,Eficiência Operacional,Certificações de qualidade em processos produtivos,Comunicação Interna,,
,Eficiência Operacional,Monitoramento e otimização do uso de recursos,Comunicação Interna,,
,Eficiência Operacional,Programa de manutenção preventiva de equipamentos,Comunicação Interna,,
,Eficiência Operacional,Implementação de métodos ágeis para projetos,Comunicação Interna,,
,Inovação e Desenvolvimento,Lançamento de novos produtos e serviços inovadores,Gestão Estratégica de Comunicação,,
,Inovação e Desenvolvimento,Investimento em pesquisa e desenvolvimento,,,
,Inovação e Desenvolvimento,Parcerias com startups de tecnologia,,,
,Inovação e Desenvolvimento,Desenvolvimento de protótipos para testes,,,
,Inovação e Desenvolvimento,Participação em feiras e eventos de inovação,,,
,Inovação e Desenvolvimento,Laboratórios de inovação internos,,,
,Inovação e Desenvolvimento,Adoção de tecnologias disruptivas,,,
,Inovação e Desenvolvimento,Workshops internos de criatividade,,,
,Inovação e Desenvolvimento,Criação de programas de inovação aberta,,,
,Inovação e Desenvolvimento,Colaboração com instituições de pesquisa,,,
,Responsabilidade Social e Sustentabilidade,Programas de reciclagem e descarte responsável,,,
,Responsabilidade Social e Sustentabilidade,Ações de voluntariado empresarial,,,
,Responsabilidade Social e Sustentabilidade,Projetos de redução de emissão de carbono,,,
,Responsabilidade Social e Sustentabilidade,Investimentos em energia renovável,,,
,Responsabilidade Social e Sustentabilidade,Parcerias com ONGs para projetos sociais,,,
,Responsabilidade Social e Sustentabilidade,Campanhas de conscientização ambiental,,,
,Responsabilidade Social e Sustentabilidade,Iniciativas para redução do uso de plástico,,,
,Responsabilidade Social e Sustentabilidade,Doação de parte do lucro para causas sociais,,,
,Responsabilidade Social e Sustentabilidade,Política de contratação inclusiva e diversa,,,
,Responsabilidade Social e Sustentabilidade,Relatórios de sustentabilidade publicados anualmente,,,
,Valorização e Retenção de Talentos,Programas de capacitação e desenvolvimento,,,
,Valorização e Retenção de Talentos,Políticas de promoção internas claras,,,
,Valorização e Retenção de Talentos,Ofertas de benefícios diferenciados,,,
,Valorização e Retenção de Talentos,Ambiente de trabalho saudável e inclusivo,,,
,Valorização e Retenção de Talentos,Reconhecimento periódico de talentos,,,
,Valorização e Retenção de Talentos,Iniciativas de bem-estar e saúde mental,,,
,Valorização e Retenção de Talentos,Flexibilidade de horários e trabalho remoto,,,
,Valorização e Retenção de Talentos,Ações para equilíbrio entre vida profissional e pessoal,,,
,Valorização e Retenção de Talentos,Avaliações de desempenho transparentes,,,
,Valorização e Retenção de Talentos,Planos de carreira personalizados,,,
,Posicionamento no Mercado,Participação em feiras e eventos setoriais,,,
,Posicionamento no Mercado,Campanhas publicitárias inovadoras,,,
,Posicionamento no Mercado,Parcerias com influenciadores reconhecidos,,,
,Posicionamento no Mercado,Publicações em revistas e portais especializados,,,
,Posicionamento no Mercado,Realização de pesquisas de mercado,,,
,Posicionamento no Mercado,Comunicação de prêmios e reconhecimentos obtidos,,,
,Posicionamento no Mercado,Desenvolvimento de identidade visual forte,,,
,Posicionamento no Mercado,Expansão de pontos de venda estratégicos,,,
,Posicionamento no Mercado,Lançamento de produtos sazonais,,,
,Posicionamento no Mercado,Investimento em branding e imagem da marca,,,
,Diversificação,Entrada em novos segmentos de mercado,,,
,Diversificação,Desenvolvimento de linhas de produtos complementares,,,
,Diversificação,Parcerias para criação de novos negócios,,,
,Diversificação,Aquisição de empresas em setores diferentes,,,
,Diversificação,Lançamento de produtos com apelo a diferentes públicos,,,
,Diversificação,Abertura de franquias e licenciamento de marca,,,
,Diversificação,Expansão para diferentes regiões geográficas,,,
,Diversificação,Desenvolvimento de serviços associados aos produtos,,,
,Diversificação,Pesquisa de tendências para diversificação,,,
,Diversificação,Investimento em múltiplos canais de venda,,,